BEGIN TRANSACTION;
CREATE TABLE IF NOT EXISTS Admin (
  Admin_ID INTEGER PRIMARY KEY,
  Department_ID INTEGER,
  Full_Name TEXT NOT NULL,
  Phone_Number TEXT NOT NULL,
  FOREIGN KEY (Department_ID) REFERENCES Department(Department_ID)
);
CREATE TABLE IF NOT EXISTS Clinic (
  Clinic_ID INTEGER PRIMARY KEY,
  Clinic_Name TEXT NOT NULL,
  Clinic_Address TEXT NOT NULL,
  Clinic_Landline TEXT NOT NULL
);
CREATE TABLE IF NOT EXISTS Department (
  Department_ID INTEGER PRIMARY KEY,
  Department_Name TEXT NOT NULL,
  Department_Type TEXT NOT NULL,
  Clinic_ID INTEGER,
  FOREIGN KEY (Clinic_ID) REFERENCES Clinic(Clinic_ID)
);
CREATE TABLE IF NOT EXISTS Medical (
  Medical_ID INTEGER PRIMARY KEY,
  Department_ID INTEGER,
  Full_Name TEXT NOT NULL,
  Phone_Number TEXT NOT NULL,
  FOREIGN KEY (Department_ID) REFERENCES Department(Department_ID)
);
CREATE TABLE IF NOT EXISTS Paramedic (
  Paramedic_ID INTEGER PRIMARY KEY,
  Department_ID INTEGER,
  Full_Name TEXT NOT NULL,
  Phone_Number TEXT NOT NULL,
  FOREIGN KEY (Department_ID) REFERENCES Department(Department_ID)
);
CREATE TABLE IF NOT EXISTS Patient (
  Patient_ID INTEGER PRIMARY KEY,
  Full_Name TEXT NOT NULL,
  ID_Number TEXT NOT NULL,
  Phone_Number TEXT NOT NULL,
  Address TEXT NOT NULL,
  Symptoms TEXT NOT NULL,
  Medical_Record TEXT NOT NULL
);
CREATE TABLE IF NOT EXISTS demo (ID integer primary key, Name varchar(20), Hint text );
INSERT INTO "Admin" ("Admin_ID","Department_ID","Full_Name","Phone_Number") VALUES (1,3,'Alice Smith','0821234567'),
 (2,3,'Bob Johnson','0822345678'),
 (3,3,'Nkosi Ndlovu','0823456789'),
 (4,3,'Lindiwe Dlamini','0824567890'),
 (5,3,'Thabo Mokoena','0825678901'),
 (6,3,'Nomvula Sithole','0826789012'),
 (7,3,'Sizwe Khumalo','0827890123'),
 (8,3,'Bongi Zulu','0828901234'),
 (9,3,'Gugu Shabalala','0829012345'),
 (10,3,'Kagiso Molefe','0820123456'),
 (11,3,'Alice Smith','0821234567'),
 (12,3,'Bob Johnson','0822345678'),
 (13,3,'Nkosi Ndlovu','0823456789'),
 (14,3,'Lindiwe Dlamini','0824567890'),
 (15,3,'Thabo Mokoena','0825678901'),
 (16,3,'Nomvula Sithole','0826789012'),
 (17,3,'Sizwe Khumalo','0827890123'),
 (18,3,'Bongi Zulu','0828901234'),
 (19,3,'Gugu Shabalala','0829012345'),
 (20,3,'Kagiso Molefe','0820123456'),
 (21,3,'Alice Smith','0821234567'),
 (22,3,'Bob Johnson','0822345678'),
 (23,3,'Nkosi Ndlovu','0823456789'),
 (24,3,'Lindiwe Dlamini','0824567890'),
 (25,3,'Thabo Mokoena','0825678901'),
 (26,3,'Nomvula Sithole','0826789012'),
 (27,3,'Sizwe Khumalo','0827890123'),
 (28,3,'Bongi Zulu','0828901234'),
 (29,3,'Gugu Shabalala','0829012345'),
 (30,3,'Kagiso Molefe','0820123456'),
 (31,3,'Alice Smith','0821234567'),
 (32,3,'Bob Johnson','0822345678'),
 (33,3,'Nkosi Ndlovu','0823456789'),
 (34,3,'Lindiwe Dlamini','0824567890'),
 (35,3,'Thabo Mokoena','0825678901'),
 (36,3,'Nomvula Sithole','0826789012'),
 (37,3,'Sizwe Khumalo','0827890123'),
 (38,3,'Bongi Zulu','0828901234'),
 (39,3,'Gugu Shabalala','0829012345'),
 (40,3,'Kagiso Molefe','0820123456'),
 (41,3,'Alice Smith','0821234567'),
 (42,3,'Bob Johnson','0822345678'),
 (43,3,'Nkosi Ndlovu','0823456789'),
 (44,3,'Lindiwe Dlamini','0824567890'),
 (45,3,'Thabo Mokoena','0825678901'),
 (46,3,'Nomvula Sithole','0826789012'),
 (47,3,'Sizwe Khumalo','0827890123'),
 (48,3,'Bongi Zulu','0828901234'),
 (49,3,'Gugu Shabalala','0829012345'),
 (50,3,'Kagiso Molefe','0820123456');
INSERT INTO "Clinic" ("Clinic_ID","Clinic_Name","Clinic_Address","Clinic_Landline") VALUES (1,'Health Clinic','123 Main St, Potsdam, Eastern Cape','0471234567'),
 (2,'Wellness Center','456 Oak St, Potsdam, Eastern Cape','0477654321'),
 (3,'Health Clinic','123 Main St, Potsdam, Eastern Cape','0471234567'),
 (4,'Wellness Center','456 Oak St, Potsdam, Eastern Cape','0477654321'),
 (5,'Health Clinic','123 Main St, Potsdam, Eastern Cape','0471234567'),
 (6,'Wellness Center','456 Oak St, Potsdam, Eastern Cape','0477654321'),
 (7,'Health Clinic','123 Main St, Potsdam, Eastern Cape','0471234567'),
 (8,'Wellness Center','456 Oak St, Potsdam, Eastern Cape','0477654321'),
 (9,'Health Clinic','123 Main St, Potsdam, Eastern Cape','0471234567'),
 (10,'Wellness Center','456 Oak St, Potsdam, Eastern Cape','0477654321');
INSERT INTO "Department" ("Department_ID","Department_Name","Department_Type","Clinic_ID") VALUES (1,'Cardiology','Medical',1),
 (2,'Neurology','Medical',2),
 (3,'Reception','Admin',1),
 (4,'Pediatrics','Medical',1),
 (5,'Emergency','Medical',2),
 (6,'Cardiology','Medical',1),
 (7,'Neurology','Medical',2),
 (8,'Reception','Admin',1),
 (9,'Pediatrics','Medical',1),
 (10,'Emergency','Medical',2),
 (11,'Cardiology','Medical',1),
 (12,'Neurology','Medical',2),
 (13,'Reception','Admin',1),
 (14,'Pediatrics','Medical',1),
 (15,'Emergency','Medical',2),
 (16,'Cardiology','Medical',1),
 (17,'Neurology','Medical',2),
 (18,'Reception','Admin',1),
 (19,'Pediatrics','Medical',1),
 (20,'Emergency','Medical',2),
 (21,'Cardiology','Medical',1),
 (22,'Neurology','Medical',2),
 (23,'Reception','Admin',1),
 (24,'Pediatrics','Medical',1),
 (25,'Emergency','Medical',2);
INSERT INTO "Medical" ("Medical_ID","Department_ID","Full_Name","Phone_Number") VALUES (1,1,'Eve Taylor','0841234567'),
 (2,2,'Frank White','0842345678'),
 (3,1,'Andiswa Ndlela','0843456789'),
 (4,2,'Lwazi Mkhize','0844567890'),
 (5,1,'Zandile Xulu','0845678901'),
 (6,2,'Phumzile Khuzwayo','0846789012'),
 (7,1,'Siphokazi Zungu','0847890123'),
 (8,2,'Sandile Majozi','0848901234'),
 (9,1,'Hlengiwe Mbele','0849012345'),
 (10,2,'Nontokozo Msimang','0840123456'),
 (11,1,'Eve Taylor','0841234567'),
 (12,2,'Frank White','0842345678'),
 (13,1,'Andiswa Ndlela','0843456789'),
 (14,2,'Lwazi Mkhize','0844567890'),
 (15,1,'Zandile Xulu','0845678901'),
 (16,2,'Phumzile Khuzwayo','0846789012'),
 (17,1,'Siphokazi Zungu','0847890123'),
 (18,2,'Sandile Majozi','0848901234'),
 (19,1,'Hlengiwe Mbele','0849012345'),
 (20,2,'Nontokozo Msimang','0840123456'),
 (21,1,'Eve Taylor','0841234567'),
 (22,2,'Frank White','0842345678'),
 (23,1,'Andiswa Ndlela','0843456789'),
 (24,2,'Lwazi Mkhize','0844567890'),
 (25,1,'Zandile Xulu','0845678901'),
 (26,2,'Phumzile Khuzwayo','0846789012'),
 (27,1,'Siphokazi Zungu','0847890123'),
 (28,2,'Sandile Majozi','0848901234'),
 (29,1,'Hlengiwe Mbele','0849012345'),
 (30,2,'Nontokozo Msimang','0840123456'),
 (31,1,'Eve Taylor','0841234567'),
 (32,2,'Frank White','0842345678'),
 (33,1,'Andiswa Ndlela','0843456789'),
 (34,2,'Lwazi Mkhize','0844567890'),
 (35,1,'Zandile Xulu','0845678901'),
 (36,2,'Phumzile Khuzwayo','0846789012'),
 (37,1,'Siphokazi Zungu','0847890123'),
 (38,2,'Sandile Majozi','0848901234'),
 (39,1,'Hlengiwe Mbele','0849012345'),
 (40,2,'Nontokozo Msimang','0840123456'),
 (41,1,'Eve Taylor','0841234567'),
 (42,2,'Frank White','0842345678'),
 (43,1,'Andiswa Ndlela','0843456789'),
 (44,2,'Lwazi Mkhize','0844567890'),
 (45,1,'Zandile Xulu','0845678901'),
 (46,2,'Phumzile Khuzwayo','0846789012'),
 (47,1,'Siphokazi Zungu','0847890123'),
 (48,2,'Sandile Majozi','0848901234'),
 (49,1,'Hlengiwe Mbele','0849012345'),
 (50,2,'Nontokozo Msimang','0840123456');
INSERT INTO "Paramedic" ("Paramedic_ID","Department_ID","Full_Name","Phone_Number") VALUES (1,1,'Charlie Brown','0831234567'),
 (2,1,'Dave Wilson','0832345678'),
 (3,1,'Sipho Ntuli','0833456789'),
 (4,1,'Mandisa Mbatha','0834567890'),
 (5,1,'Jabulani Mdletshe','0835678901'),
 (6,1,'Thandeka Zondi','0836789012'),
 (7,1,'Lungile Nkosi','0837890123'),
 (8,1,'Andile Mthembu','0838901234'),
 (9,1,'Zanele Mhlongo','0839012345'),
 (10,1,'Nokuthula Ngcobo','0830123456'),
 (11,1,'Charlie Brown','0831234567'),
 (12,1,'Dave Wilson','0832345678'),
 (13,1,'Sipho Ntuli','0833456789'),
 (14,1,'Mandisa Mbatha','0834567890'),
 (15,1,'Jabulani Mdletshe','0835678901'),
 (16,1,'Thandeka Zondi','0836789012'),
 (17,1,'Lungile Nkosi','0837890123'),
 (18,1,'Andile Mthembu','0838901234'),
 (19,1,'Zanele Mhlongo','0839012345'),
 (20,1,'Nokuthula Ngcobo','0830123456'),
 (21,1,'Charlie Brown','0831234567'),
 (22,1,'Dave Wilson','0832345678'),
 (23,1,'Sipho Ntuli','0833456789'),
 (24,1,'Mandisa Mbatha','0834567890'),
 (25,1,'Jabulani Mdletshe','0835678901'),
 (26,1,'Thandeka Zondi','0836789012'),
 (27,1,'Lungile Nkosi','0837890123'),
 (28,1,'Andile Mthembu','0838901234'),
 (29,1,'Zanele Mhlongo','0839012345'),
 (30,1,'Nokuthula Ngcobo','0830123456'),
 (31,1,'Charlie Brown','0831234567'),
 (32,1,'Dave Wilson','0832345678'),
 (33,1,'Sipho Ntuli','0833456789'),
 (34,1,'Mandisa Mbatha','0834567890'),
 (35,1,'Jabulani Mdletshe','0835678901'),
 (36,1,'Thandeka Zondi','0836789012'),
 (37,1,'Lungile Nkosi','0837890123'),
 (38,1,'Andile Mthembu','0838901234'),
 (39,1,'Zanele Mhlongo','0839012345'),
 (40,1,'Nokuthula Ngcobo','0830123456'),
 (41,1,'Charlie Brown','0831234567'),
 (42,1,'Dave Wilson','0832345678'),
 (43,1,'Sipho Ntuli','0833456789'),
 (44,1,'Mandisa Mbatha','0834567890'),
 (45,1,'Jabulani Mdletshe','0835678901'),
 (46,1,'Thandeka Zondi','0836789012'),
 (47,1,'Lungile Nkosi','0837890123'),
 (48,1,'Andile Mthembu','0838901234'),
 (49,1,'Zanele Mhlongo','0839012345'),
 (50,1,'Nokuthula Ngcobo','0830123456');
INSERT INTO "Patient" ("Patient_ID","Full_Name","ID_Number","Phone_Number","Address","Symptoms","Medical_Record") VALUES (1,'George King','9201234567890','0721234567','789 Pine St, Potsdam, Eastern Cape','Cough, fever','Medical record data here'),
 (2,'Hannah Scott','9302345678901','0722345678','101 Maple St, Potsdam, Eastern Cape','Headache, dizziness','Medical record data here'),
 (3,'Thandeka Ndlovu','9403456789012','0723456789','123 Cedar St, Potsdam, Eastern Cape','Sore throat, fatigue','Medical record data here'),
 (4,'Sanele Mkhwanazi','9504567890123','0724567890','456 Birch St, Potsdam, Eastern Cape','Nausea, vomiting','Medical record data here'),
 (5,'Nomfundo Zulu','9605678901234','0725678901','789 Acacia St, Potsdam, Eastern Cape','Back pain, leg pain','Medical record data here'),
 (6,'Sibongile Mthethwa','9706789012345','0726789012','101 Palm St, Potsdam, Eastern Cape','Shortness of breath','Medical record data here'),
 (7,'Ayanda Mkhize','9807890123456','0727890123','456 Willow St, Potsdam, Eastern Cape','Chest pain, cough','Medical record data here'),
 (8,'Mpumelelo Khumalo','9908901234567','0728901234','789 Elm St, Potsdam, Eastern Cape','Dizziness, headache','Medical record data here'),
 (9,'Nompumelelo Dlamini','0009012345678','0729012345','101 Oak St, Potsdam, Eastern Cape','Stomach pain, diarrhea','Medical record data here'),
 (10,'Bongani Zondi','0110123456789','0720123456','456 Pine St, Potsdam, Eastern Cape','Rash, itching','Medical record data here'),
 (11,'George King','9201234567890','0721234567','789 Pine St, Potsdam, Eastern Cape','Cough, fever','Medical record data here'),
 (12,'Hannah Scott','9302345678901','0722345678','101 Maple St, Potsdam, Eastern Cape','Headache, dizziness','Medical record data here'),
 (13,'Thandeka Ndlovu','9403456789012','0723456789','123 Cedar St, Potsdam, Eastern Cape','Sore throat, fatigue','Medical record data here'),
 (14,'Sanele Mkhwanazi','9504567890123','0724567890','456 Birch St, Potsdam, Eastern Cape','Nausea, vomiting','Medical record data here'),
 (15,'Nomfundo Zulu','9605678901234','0725678901','789 Acacia St, Potsdam, Eastern Cape','Back pain, leg pain','Medical record data here'),
 (16,'Sibongile Mthethwa','9706789012345','0726789012','101 Palm St, Potsdam, Eastern Cape','Shortness of breath','Medical record data here'),
 (17,'Ayanda Mkhize','9807890123456','0727890123','456 Willow St, Potsdam, Eastern Cape','Chest pain, cough','Medical record data here'),
 (18,'Mpumelelo Khumalo','9908901234567','0728901234','789 Elm St, Potsdam, Eastern Cape','Dizziness, headache','Medical record data here'),
 (19,'Nompumelelo Dlamini','0009012345678','0729012345','101 Oak St, Potsdam, Eastern Cape','Stomach pain, diarrhea','Medical record data here'),
 (20,'Bongani Zondi','0110123456789','0720123456','456 Pine St, Potsdam, Eastern Cape','Rash, itching','Medical record data here'),
 (21,'George King','9201234567890','0721234567','789 Pine St, Potsdam, Eastern Cape','Cough, fever','Medical record data here'),
 (22,'Hannah Scott','9302345678901','0722345678','101 Maple St, Potsdam, Eastern Cape','Headache, dizziness','Medical record data here'),
 (23,'Thandeka Ndlovu','9403456789012','0723456789','123 Cedar St, Potsdam, Eastern Cape','Sore throat, fatigue','Medical record data here'),
 (24,'Sanele Mkhwanazi','9504567890123','0724567890','456 Birch St, Potsdam, Eastern Cape','Nausea, vomiting','Medical record data here'),
 (25,'Nomfundo Zulu','9605678901234','0725678901','789 Acacia St, Potsdam, Eastern Cape','Back pain, leg pain','Medical record data here'),
 (26,'Sibongile Mthethwa','9706789012345','0726789012','101 Palm St, Potsdam, Eastern Cape','Shortness of breath','Medical record data here'),
 (27,'Ayanda Mkhize','9807890123456','0727890123','456 Willow St, Potsdam, Eastern Cape','Chest pain, cough','Medical record data here'),
 (28,'Mpumelelo Khumalo','9908901234567','0728901234','789 Elm St, Potsdam, Eastern Cape','Dizziness, headache','Medical record data here'),
 (29,'Nompumelelo Dlamini','0009012345678','0729012345','101 Oak St, Potsdam, Eastern Cape','Stomach pain, diarrhea','Medical record data here'),
 (30,'Bongani Zondi','0110123456789','0720123456','456 Pine St, Potsdam, Eastern Cape','Rash, itching','Medical record data here'),
 (31,'George King','9201234567890','0721234567','789 Pine St, Potsdam, Eastern Cape','Cough, fever','Medical record data here'),
 (32,'Hannah Scott','9302345678901','0722345678','101 Maple St, Potsdam, Eastern Cape','Headache, dizziness','Medical record data here'),
 (33,'Thandeka Ndlovu','9403456789012','0723456789','123 Cedar St, Potsdam, Eastern Cape','Sore throat, fatigue','Medical record data here'),
 (34,'Sanele Mkhwanazi','9504567890123','0724567890','456 Birch St, Potsdam, Eastern Cape','Nausea, vomiting','Medical record data here'),
 (35,'Nomfundo Zulu','9605678901234','0725678901','789 Acacia St, Potsdam, Eastern Cape','Back pain, leg pain','Medical record data here'),
 (36,'Sibongile Mthethwa','9706789012345','0726789012','101 Palm St, Potsdam, Eastern Cape','Shortness of breath','Medical record data here'),
 (37,'Ayanda Mkhize','9807890123456','0727890123','456 Willow St, Potsdam, Eastern Cape','Chest pain, cough','Medical record data here'),
 (38,'Mpumelelo Khumalo','9908901234567','0728901234','789 Elm St, Potsdam, Eastern Cape','Dizziness, headache','Medical record data here'),
 (39,'Nompumelelo Dlamini','0009012345678','0729012345','101 Oak St, Potsdam, Eastern Cape','Stomach pain, diarrhea','Medical record data here'),
 (40,'Bongani Zondi','0110123456789','0720123456','456 Pine St, Potsdam, Eastern Cape','Rash, itching','Medical record data here'),
 (41,'George King','9201234567890','0721234567','789 Pine St, Potsdam, Eastern Cape','Cough, fever','Medical record data here'),
 (42,'Hannah Scott','9302345678901','0722345678','101 Maple St, Potsdam, Eastern Cape','Headache, dizziness','Medical record data here'),
 (43,'Thandeka Ndlovu','9403456789012','0723456789','123 Cedar St, Potsdam, Eastern Cape','Sore throat, fatigue','Medical record data here'),
 (44,'Sanele Mkhwanazi','9504567890123','0724567890','456 Birch St, Potsdam, Eastern Cape','Nausea, vomiting','Medical record data here'),
 (45,'Nomfundo Zulu','9605678901234','0725678901','789 Acacia St, Potsdam, Eastern Cape','Back pain, leg pain','Medical record data here'),
 (46,'Sibongile Mthethwa','9706789012345','0726789012','101 Palm St, Potsdam, Eastern Cape','Shortness of breath','Medical record data here'),
 (47,'Ayanda Mkhize','9807890123456','0727890123','456 Willow St, Potsdam, Eastern Cape','Chest pain, cough','Medical record data here'),
 (48,'Mpumelelo Khumalo','9908901234567','0728901234','789 Elm St, Potsdam, Eastern Cape','Dizziness, headache','Medical record data here'),
 (49,'Nompumelelo Dlamini','0009012345678','0729012345','101 Oak St, Potsdam, Eastern Cape','Stomach pain, diarrhea','Medical record data here'),
 (50,'Bongani Zondi','0110123456789','0720123456','456 Pine St, Potsdam, Eastern Cape','Rash, itching','Medical record data here');
INSERT INTO "demo" ("ID","Name","Hint") VALUES (1,'Created by','A real human, without the use of artificial intelligence.'),
 (2,'SQL Online','Next gen SQL editor'),
 (3,'Kirill N.','https://www.linkedin.com/in/sqliteonlinecom'),
 (4,'Donate (ERC20: ETH or USDC) ','0xCcc227E5615D4FADd758228Bab12ceb465D4ED18'),
 (5,'Donate (BTC)','bc1q25zqmgll2fz0tyduusyfageh3jh7htcwjt2rdk'),
 (6,'Chart','LINE-SELECT name, cos(id), sin(id) FROM demo;'),
 (7,'Short CODE','s* tableName => SELECT * FROM tableName
sf tableName => SELECT columns FROM tableName
sc tableName => SELECT count(*) FROM tableName
sl tableName => SELECT * FROM tableName ORDER BY key DESC LIMIT 100;
ct => CREATE TABLE
ii tableName => INSERT INTO
us tableName => UPDATE SET
uw tableName => UPDATE SET WHERE
df tableName => DELETE FROM
dw tableName => DELETE FROM WHERE'),
 (8,'SQLite 3.45.2','SQL OnLine on JavaScript'),
 (9,'[RightClick] mouse','Opens many additional features'),
 (10,'Left-Panel, Table','[RightClick] mouse "Context menu"'),
 (11,'Tabs','mouse: [RightClick] , [MiddleClick] , [Wheel] , [LeftClick]'),
 (12,'SQL Editor','autocomplete: [Ctrl-Space] or [Alt-Space]; run: [Shift-Enter]'),
 (13,'Size table','Fast scroll million rows'),
 (14,'Share','Create public link DB'),
 (15,'12','Number of color themes'),
 (16,'ai.Url','https://sqliteonline.com/LICENSE'),
 (17,'ai.Color','#9393ad'),
 (18,'ai.Image','Blob - png, jpg, gif or String(base64) [DbClick] row'),
 (19,'SQL','Syntax example library'),
 (20,'CREATE','CREATE TABLE table_name (col1, col2)'),
 (21,'SELECT','SELECT * FROM table_name'),
 (22,'INSERT','INSERT INTO table_name (col1, col2) VALUES ("example","test")'),
 (23,'UPDATE','UPDATE table_name SET col1="work" WHERE col2="test"'),
 (24,'DELETE','DELETE FROM table_name');
COMMIT;
